{
    "olm-teams": "OpenLitterMap Teams",
    "dashboard": "Dashboard",
    "join-a-team": "Join a Team",
    "create-a-team": "Create a Team",
    "your-teams": "Yours Teams",
    "leaderboard": "Leaderboard",
    "settings": "Settings",
    "teams-dashboard": "Teams Dashboard",
    "photos-uploaded": "Photos uploaded",
    "litter-tagged": "Litter tagged",
    "members-uploaded": "Team members uploaded",
    "all-teams": "All Teams",

    "times": {
        "today": "Today",
        "week": "This week",
        "month": "This month",
        "year": "This year",
        "all": "All time",
        "created_at": "Uploaded at",
        "datetime": "Taken at"
    }
}