{
    "title": "My Teams",
    "currently-joined-team": "Your active team is",
    "currently-not-joined-team": "You are not currently part of a team",
    "no-joined-team": "You have not yet joined a team",
    "leader-of-team": "You are the leader of this team",
    "enabled-contributions": "All of your contributions will count toward this team only.",
    "disabled-contributions": "You have not selected an active team yet.<br/>That means you are not contributing to any team at the moment.<br>You can select your active team by clicking the star icons on the bottom list.",
    "disable-contributions-tooltip": "This disables your team contributions from now on. You will still be a member of your teams and can enable contributions anytime.",
    "team-details": "Team Details",
    "all-my-teams": "All My Teams",
    "this-is-active-team": "This is your active team",
    "set-as-active-team": "Set as your active team",
    "team-identifier": "Team Identifier",
    "join-team": "Please join a team",
    "leave-team": "Leave team",
    "just-left-team": "You just left team",
    "cant-leave-team": "You can't leave this team since you're the only member",
    "change-active-team": "Join Team",
    "download-team-data": "Download Team Data",
    "hide-from-leaderboards": "Hide from Leaderboards",
    "show-on-leaderboards": "Show on Leaderboards",
    "position-header": "Position",
    "name-header": "Name",
    "username-header": "Username",
    "status-header": "Status",
    "photos-header": "Photos",
    "litter-header": "Litter",
    "identifier-header": "Identifier",
    "members-header": "Members",
    "last-activity-header": "Last Activity",
    "confirm-leave-team": "Are you sure?\nYou can always rejoin and your contributions will be saved."
}
