{
    "email-you": "Want us to email you occasionally with good news",
    "subscribe": "Subscribe",
    "subscribed-success-msg": "You have been subscribed to the good news! You can unsubscribe at any time",
    "need-your-help": "We need your help to create the world's most advanced and accessible database on pollution",
    "read": "READ",
    "blog": "Blog",
    "research-paper": "Research Paper",
    "watch": "WATCH",
    "help": "HELP",
    "join-the-team": "Join the Team",
    "join-slack": "Join Slack",
    "create-account": "Create Account",
    "fb-group": "Facebook Group",
    "single-donation":"Single Donation",
    "crowdfunding": "Crowdfunding",
    "olm-is-flagship": "OpenLitterMap is a flagship product of GeoTech Innovations Ltd., a startup in Ireland pioneering essential citizen science services #650323",
    "enter-email": "Enter your email address",
    "references": "References",
    "credits": "Credits",
    "contact-us": "Contact Us"
}
