{
    "cancel": "Cancel",
    "submit": "Submit",
    "download": "Download",
    "delete": "Delete",
    "delete-image": "Delete the image",
    "confirm-delete": "Confirm Delete",
    "loading": "Loading...",
    "created_at": "Uploaded at",
    "created": "Created",
    "created-by": "Created by",
    "datetime": "Taken at",
    "day-names": ["Mo", "Tu", "We", "Th", "Fr", "Sa", "Su"],
    "month-names": ["January", "February", "March", "April", "May", "June", "July", "August", "September", "October", "November", "December"],
    "short-month-names": ["Jan", "Feb", "Mar", "Apr", "May", "Jun", "Jul", "Aug", "Sep", "Oct", "Nov", "Dec"],
    "next": "Next",
    "previous": "Previous",
    "next-page": "Next page",
    "add-tags": "Add Tags",
    "add-many-tags": "Add Many Tags",
    "select-all": "Select all",
    "de-select-all": "De-select all",
    "choose-dates": "Choose Dates",
    "not-verified": "Not Verified",
    "verified": "Verified",
    "search-by-id": "Search by ID",
    "active": "Active",
    "inactive": "Inactive",
    "inactivate": "Disable Team Contributions",
    "your-email": "you@email.com",
    "team": "Team",
    "actions": "Actions",
    "anonymous": "Anonymous",
    "photo": "Photo",
    "reason": "Reason",
    "faq": "Frequently Asked Questions"
}
