{
    "categories": {
        "alcohol": "Alcohol",
        "art": "Art",
        "brands": "Brands",
        "coastal": "Coastal",
        "coffee": "Coffee",
        "dumping": "Dumping",
        "food": "Food",
        "industrial": "Industrial",
        "sanitary": "Sanitary",
        "softdrinks": "Soft Drinks",
        "smoking": "Smoking",
        "other": "Other",
        "material": "Material",
        "dogshit": "Pets"
    },
    "smoking": {
        "butts": "Cigarettes/Butts",
        "lighters": "Lighters",
        "cigaretteBox": "Cigarette Box",
        "tobaccoPouch": "Tobacco Pouch",
        "skins": "Rolling Papers",
        "smoking_plastic": "Plastic Packaging",
        "filters": "Filters",
        "filterbox": "Filter Box",
        "vape_pen": "Vape pen",
        "vape_oil": "Vape oil",
        "smokingOther": "Smoking-Other"
    },
    "alcohol": {
        "beerBottle": "Beer Bottles",
        "spiritBottle": "Spirit Bottles",
        "wineBottle": "Wine Bottles",
        "beerCan": "Beer Cans",
        "brokenGlass": "Broken Glass",
        "bottleTops": "Beer bottle tops",
        "paperCardAlcoholPackaging": "Paper Packaging",
        "plasticAlcoholPackaging": "Plastic Packaging",
        "pint": "Pint Glass",
        "six_pack_rings": "Six-pack rings",
        "alcohol_plastic_cups": "Plastic Cups",
        "alcoholOther": "Alcohol-Other"
    },
    "art": {
        "item": "Litter Art"
    },
    "coffee": {
        "coffeeCups": "Coffee Cups",
        "coffeeLids": "Coffee Lids",
        "coffeeOther": "Coffee-Other"
    },
    "food": {
        "sweetWrappers": "Sweet Wrappers",
        "paperFoodPackaging": "Paper/Cardboard Packaging",
        "plasticFoodPackaging": "Plastic Packaging",
        "plasticCutlery": "Plastic Cutlery",
        "crisp_small": "Crisp/Chip Packet (small)",
        "crisp_large": "Crisp/Chip Packet (large)",
        "styrofoam_plate": "Styrofoam Plate",
        "napkins": "Napkins",
        "sauce_packet": "Sauce Packet",
        "glass_jar": "Glass Jar",
        "glass_jar_lid": "Glass Jar Lid",
        "aluminium_foil": "Aluminium Foil",
        "pizza_box": "Pizza Box",
        "foodOther": "Food-Other",
        "chewing_gum": "Chewing Gum"
    },
    "softdrinks": {
        "waterBottle": "Plastic Water bottle",
        "fizzyDrinkBottle": "Plastic Fizzy Drink bottle",
        "tinCan": "Can",
        "bottleLid": "Bottle Tops",
        "bottleLabel": "Bottle Labels",
        "sportsDrink": "Sports Drink bottle",
        "straws": "Straws",
        "plastic_cups": "Plastic Cups",
        "plastic_cup_tops": "Plastic Cup Tops",
        "milk_bottle": "Milk Bottle",
        "milk_carton": "Milk Carton",
        "paper_cups": "Paper Cups",
        "juice_cartons": "Juice Cartons",
        "juice_bottles": "Juice Bottles",
        "juice_packet": "Juice Packet",
        "ice_tea_bottles": "Ice Tea Bottles",
        "ice_tea_can": "Ice Tea Can",
        "energy_can": "Energy Can",
        "pullring": "Pull-ring",
        "strawpacket": "Straw Packaging",
        "styro_cup": "Styrofoam Cup",
        "broken_glass": "Broken Glass",
        "softDrinkOther": "Soft Drink-Other"
    },
    "sanitary": {
        "gloves": "Gloves",
        "facemask": "Facemask",
        "condoms": "Condoms",
        "nappies": "Nappies",
        "menstral": "Menstral",
        "deodorant": "Deodorant",
        "ear_swabs": "Ear Swabs",
        "tooth_pick": "Tooth Pick",
        "tooth_brush": "Tooth Brush",
        "wetwipes": "Wet Wipes",
        "hand_sanitiser": "Hand Sanitiser",
        "sanitaryOther": "Sanitary-Other"
    },
    "dumping": {
        "small": "Small",
        "medium": "Medium",
        "large": "Large"
    },
    "industrial": {
        "oil": "Oil",
        "industrial_plastic": "Plastic",
        "chemical": "Chemical",
        "bricks": "Bricks",
        "tape": "Tape",
        "industrial_other": "Industrial-Other"
    },
    "coastal": {
        "microplastics": "Microplastics",
        "mediumplastics": "Mediumplastics",
        "macroplastics": "Macroplastics",
        "rope_small": "Rope small",
        "rope_medium": "Rope medium",
        "rope_large": "Rope large",
        "fishing_gear_nets": "Fishing gear/nets",
        "ghost_nets": "Ghost nets",
        "buoys": "Buoys",
        "degraded_plasticbottle": "Degraded Plastic Bottle",
        "degraded_plasticbag": "Degraded Plastic Bag",
        "degraded_straws": "Degraded Drinking Straws",
        "degraded_lighters": "Degraded Lighters",
        "balloons": "Balloons",
        "lego": "Lego",
        "shotgun_cartridges": "Shotgun Cartridges",
        "styro_small": "Styrofoam small",
        "styro_medium": "Styrofoam medium",
        "styro_large": "Styrofoam large",
        "coastal_other": "Coastal-Other"
    },
    "brands": {
        "aadrink": "AA Drink",
        "acadia": "Acadia",
        "adidas": "Adidas",
        "albertheijn": "AlbertHeijn",
        "aldi": "Aldi",
        "amazon": "Amazon",
        "amstel": "Amstel",
        "anheuser_busch": "Anheuser-Busch",
        "apple": "Apple",
        "applegreen": "Applegreen",
        "asahi": "Asahi",
        "avoca": "Avoca",
        "bacardi": "Bacardi",
        "ballygowan": "Ballygowan",
        "bewleys": "Bewleys",
        "brambles": "Brambles",
        "budweiser": "Budweiser",
        "bulmers": "Bulmers",
        "bullit": "Bullit",
        "burgerking": "Burgerking",
        "butlers": "Butlers",
        "cadburys": "Cadburys",
        "cafenero": "Cafenero",
        "calanda": "Calanda",
        "camel": "Camel",
        "caprisun": "Capri Sun",
        "carlsberg": "Carlsberg",
        "centra": "Centra",
        "circlek": "Circlek",
        "coke": "Coca-Cola",
        "coles": "Coles",
        "colgate": "Colgate",
        "corona": "Corona",
        "costa": "Costa",
        "doritos": "Doritos",
        "drpepper": "DrPepper",
        "dunnes": "Dunnes",
        "duracell": "Duracell",
        "durex": "Durex",
        "esquires": "Esquires",
        "evian": "Evian",
        "fanta": "Fanta",
        "fernandes": "Fernandes",
        "fosters": "Fosters",
        "frank_and_honest": "Frank-and-Honest",
        "fritolay": "Frito-Lay",
        "gatorade": "Gatorade",
        "gillette": "Gillette",
        "goldenpower": "Golden Power",
        "guinness": "Guinness",
        "haribo": "Haribo",
        "heineken": "Heineken",
        "hertog_jan": "Hertog Jan",
        "insomnia": "Insomnia",
        "kellogs": "Kellogs",
        "kfc": "KFC",
        "lavish": "Lavish",
        "lego": "Lego",
        "lidl": "Lidl",
        "lindenvillage": "Lindenvillage",
        "lipton": "Lipton",
        "lolly_and_cookes": "Lolly-and-cookes",
        "loreal": "Loreal",
        "lucozade": "Lucozade",
        "marlboro": "Marlboro",
        "mars": "Mars",
        "mcdonalds": "McDonalds",
        "modelo": "Modelo",
        "molson_coors": "Molson Coors",
        "monster": "Monster",
        "nero": "Nero",
        "nescafe": "Nescafe",
        "nestle": "Nestle",
        "nike": "Nike",
        "obriens": "O-Briens",
        "ok_": "ok.–",
        "pepsi": "Pepsi",
        "powerade": "Powerade",
        "redbull": "Redbull",
        "ribena": "Ribena",
        "sainsburys": "Sainsburys",
        "samsung": "Samsung",
        "schutters": "Schutters",
        "seven_eleven": "7-Eleven",
        "slammers": "Slammers",
        "spa": "Spa",
        "spar": "Spar",
        "starbucks": "Starbucks",
        "stella": "Stella",
        "subway": "Subway",
        "supermacs": "Supermacs",
        "supervalu": "Supervalu",
        "tayto": "Tayto",
        "tesco": "Tesco",
        "tim_hortons": "Tim Hortons",
        "thins": "Thins",
        "volvic": "Volvic",
        "waitrose": "Waitrose",
        "walkers": "Walkers",
        "wendys": "Wendy's",
        "wilde_and_greene": "Wilde-and-Greene",
        "winston": "Winston",
        "woolworths": "Woolworths",
        "wrigleys": "Wrigleys"
    },
    "trashdog": {
        "trashdog": "TrashDog",
        "littercat": "LitterCat",
        "duck": "LitterDuck"
    },
    "other": {
        "dogshit": "Dog Poo",
        "pooinbag": "Dog Poo In Bag",
        "automobile": "Automobile",
        "clothing": "Clothing",
        "traffic_cone": "Traffic cone",
        "life_buoy": "Life Buoy",
        "plastic": "Unidentified Plastic",
        "dump": "Illegal Dumping",
        "metal": "Metal Object",
        "plastic_bags": "Plastic Bags",
        "election_posters": "Election Posters",
        "forsale_posters": "For Sale Posters",
        "books": "Books",
        "magazine": "Magazines",
        "paper": "Paper",
        "stationary": "Stationery",
        "washing_up": "Washing-up Bottle",
        "hair_tie": "Hair Tie",
        "ear_plugs": "Ear Plugs (music)",
        "batteries": "Batteries",
        "elec_small": "Electric small",
        "elec_large": "Electric large",
        "random_litter": "Random Litter",
        "balloons": "Balloons",
        "bags_litter": "Bags of Litter",
        "overflowing_bins": "Overflowing Bins",
        "tyre": "Tyre",
        "cable_tie": "Cable Tie",
        "other": "Other-Other"
    },
    "presence": {
        "picked-up": "I picked it up!",
        "still-there": "Was not picked up!",
        "picked-up-text": "It's gone.",
        "still-there-text": "The litter is still there!"
    },
    "no-tags": "No Tags",
    "not-verified": "Awaiting verification",
    "not-tagged-yet": "Not tagged yet!",
    "dogshit": {
        "poo": "Surprise!",
        "poo_in_bag": "Surprise in a bag!"
    },
    "material": {
        "aluminium":  "Aluminium",
        "bronze":  "Bronze",
        "carbon_fiber":  "Carbon Fiber",
        "ceramic":  "Ceramic",
        "composite":  "Composite",
        "concrete":  "Concrete",
        "copper":  "Copper",
        "fiberglass":  "Fiberglass",
        "glass":  "Glass",
        "iron_or_steel":  "Iron/Steel",
        "latex":  "Latex",
        "metal":  "Metal",
        "nickel":  "Nickel",
        "nylon":  "Nylon",
        "paper":  "Paper",
        "plastic":  "Plastic",
        "polyethylene":  "Polyethylene",
        "polymer":  "Polymer",
        "polypropylene":  "Polypropylene",
        "polystyrene":  "Polystyrene",
        "pvc":  "PVC",
        "rubber":  "Rubber",
        "titanium":  "Titanium",
        "wood":  "Wood"
    }
}
