{
    "profileurl": "profile",
    "profile1": "Congratulations! You have mined ",
    "profile2": "Visit",
    "profile3": "Settings",
    "profile4": "to claim your earnings",
    "profile5": "Uploaded",
    "profile6": "Coordinates",
    "profile7": "Address",
    "profile8": "Picked Up?",
    "profile9": "Remaining",
    "profile10": "True",
    "profile11": "False",
    "profile12": "The litter is still there",
    "profile13": "The litter has been removed!",
    "profile14": "Images left to categorize",
    "profile15": "Total images uploaded",
    "profile16": "This Image",
    "profile17": "Add data",
    "profile18": "Submit"
}
