{
    "address": "Address",
    "add-tag": "Add Tag",
    "coordinates": "Coordinates",
    "device": "Device",
    "next": "Next Image",
    "no-tags": "You don't have anything to tag at the moment.",
    "picked-up-title": "Picked Up?",
    "please-upload": "Upload more photos",
    "previous": "Previous Image",
    "removed": "The litter has been removed",
    "still-there": "The litter is still there",
    "taken": "Taken",
    "to-tag": "Images left to tag",
    "total-uploaded": "Total images uploaded",
    "uploaded": "Uploaded",
    "confirm-delete": "Do you want to delete this image? This cannot be undone.",
    "recently-tags": "Recently used tags: ",
    "clear-tags": "Clear recent tags?",
    "clear-tags-btn": "Clear recent tags",
    "search-all-tags": "Press Ctrl + Spacebar to Search All Tags",
    "search-custom-tags": "Add your own tags",
    "custom-tags": "Custom Tags",
    "custom-tags-min": "It needs to be at least 3 characters long.",
    "custom-tags-max": "It needs to be at most 100 characters long.",
    "tag-already-added": "Tag already added.",
    "tag-limit-reached": "You can upload up to 3 custom tags."
}
