{
    "ready-to-join": "Ready to join the geospatial revolution?",
    "join-subtitle": "If you like our work, OpenLitterMap could really use your help.",
    "free-plan": "FREE",
    "free-plan-feature1": "Upload 1000 images per day.",
    "free-plan-feature2": "Unlock Badges + Rewards.",
    "free-plan-feature3": "Earn Littercoin.",
    "free-plan-feature4": "Compete in multiple different leaderboards.",
    "free-plan-join": "I'm in",
    "startup-plan": "STARTUP",
    "startup-plan-donation": "€5 per month",
    "startup-plan-feature1": "Finance the development of OpenLitterMap.",
    "startup-plan-feature2": "Help us cover our costs.",
    "startup-plan-feature3": "Sit back and enjoy the updates.",
    "startup-plan-join": "I'll support!",
    "basic-plan": "BASIC",
    "basic-plan-donation": "€9.99 per month",
    "basic-plan-feature1": "Finance the development of OpenLitterMap.",
    "basic-plan-feature2": "Help us cover our costs.",
    "basic-plan-feature3": "Sit back and enjoy the updates.",
    "basic-plan-join": "I'll support!",
    "advanced-plan": "ADVANCED",
    "advanced-plan-donation": "€20 per month",
    "advanced-plan-feature1": "Finance the development of OpenLitterMap.",
    "advanced-plan-feature2": "Help us cover our costs.",
    "advanced-plan-feature3": "Sit back and enjoy the updates.",
    "advanced-plan-join": "I'll support!",
    "pro-plan": "PRO",
    "pro-plan-donation": "€30 per month",
    "pro-plan-feature1": "Finance the development of OpenLitterMap.",
    "pro-plan-feature2": "Help us cover our costs.",
    "pro-plan-feature3": "Sit back and enjoy the updates.",
    "pro-plan-join": "I mean serious business."
}
