{
    "finance": "Finance the development of OpenLitterMap",
    "help": "We need your help.",
    "support": "Support Open Data on Plastic Pollution",
    "help-costs": "Help cover our costs",
    "help-hire": "Hire developers, designers & graduates",
    "help-produce": "Produce videos",
    "help-write": "Write papers",
    "help-outreach": "Conferences & outreach",
    "help-incentivize": "Incentivize data collection with Littercoin",
    "more-soon": "More exciting updates coming soon",
    "click-to-support": "Click here to support"
}