object_id,object_key,crowdsourced,in_tagsconfig,tagsconfig_categories,pivot_categories,tagged_categories,total_tag_rows,total_items,total_photos,pairs_total,pairs_pivotless,pivotless_items,cfg_materials,cfg_types,rows_with_type,ref_tagsconfig,ref_brandsconfig,ref_classifyservice,ref_fixorphaned,ref_translations,ref_other_app_code,duplicate_candidates,duplicate_reason
99,appliance,0,yes,other,other,,0,0,0,0,0,0,,,0,1,0,0,0,1,0,,
117,ashtray,0,yes,smoking,smoking,,0,0,0,0,0,0,glass|ceramic|metal,,0,1,0,0,0,1,0,,
180,automobile,1,no,,,other,794,987,794,1,1,987,,,0,0,0,1,1,3,2,,
36,bag,0,yes,food,food,food|marine,1216,1718,1216,2,1,1662,plastic|paper|cloth|bioplastic,,0,1,0,1,0,1,0,,
15,bags_litter,0,yes,civic|other,civic|other,civic|other,49,161,49,2,0,0,,,0,2,0,1,0,1,3,bagsLitter#176,"normalised key match (lowercase/underscore/plural) — CANDIDATE ONLY, requires human review"
176,bagsLitter,1,no,,,other,1041,2239,1041,1,1,2239,,,0,0,0,1,1,1,0,bags_litter#15,"normalised key match (lowercase/underscore/plural) — CANDIDATE ONLY, requires human review"
96,balloon,0,yes,other,other,other,24,28,24,1,0,0,plastic|latex,,0,1,0,0,0,0,0,balloons#178,"normalised key match (lowercase/underscore/plural) — CANDIDATE ONLY, requires human review"
178,balloons,1,no,,,marine|other,2180,2491,2180,2,2,2491,,,0,0,0,0,2,2,2,balloon#96,"normalised key match (lowercase/underscore/plural) — CANDIDATE ONLY, requires human review"
78,bandage,0,yes,medical,medical,medical,2,2,2,1,0,0,cotton|elastic,,0,1,0,0,0,1,0,,
181,batteries,1,no,,,other,291,363,291,1,1,363,,,0,0,1,0,1,1,1,,
29,battery,0,yes,electronics|vehicles,electronics|vehicles,electronics,3,3,3,1,0,0,metal|plastic,alkaline|lithium|rechargeable,1,2,0,0,0,2,0,,
138,beer_bottle,1,no,,,alcohol,7337,18074,7337,1,1,18074,,,0,0,14,1,1,1,0,,
137,beer_can,1,no,,,alcohol,19275,26488,19275,1,1,26488,,,0,0,13,1,2,1,0,,
127,bicycle,0,yes,vehicles,vehicles,vehicles,1,1,1,1,0,0,,,0,1,0,0,0,0,0,,
16,blocked_drain,0,yes,civic,civic,civic,5,5,5,1,0,0,,,0,1,0,0,0,0,0,,
192,books,1,no,,,other,38,71,38,1,1,71,,,0,0,0,0,1,1,1,,
2,bottle,0,yes,alcohol|softdrinks,alcohol|softdrinks,alcohol|marine|softdrinks,1793,2233,1783,3,1,1070,glass|plastic,beer|wine|spirits|cider|premixed|unknown|water|soda|juice|energy|sports|tea|milk|smoothie,941,2,1,1,0,0,1,,
4,bottle_cap,0,yes,alcohol|softdrinks,alcohol|softdrinks,alcohol|softdrinks,217,225,217,2,0,0,metal|plastic|cork,,0,2,0,0,0,0,0,,
146,bottletops,1,no,,,alcohol,4902,13018,4902,1,1,13018,,,0,0,8,0,1,0,0,,
37,box,0,yes,food|smoking,food|smoking,food|smoking,168,176,168,2,0,0,cardboard|plastic|wood|metal|foil,cigarette|match|unknown,139,2,0,0,0,1,0,,
58,bricks,0,yes,industrial,industrial,industrial,83,242,83,1,0,0,clay|concrete|stone,,0,1,0,0,0,1,1,,
3,broken_glass,0,yes,alcohol|softdrinks,alcohol|softdrinks,alcohol|softdrinks,79,107,79,2,0,0,glass,,0,2,0,1,0,1,1,brokenglass#164,"normalised key match (lowercase/underscore/plural) — CANDIDATE ONLY, requires human review"
164,brokenglass,1,no,,,alcohol|softdrinks,3412,8160,3412,2,2,8160,,,0,0,0,0,2,0,0,broken_glass#3,"normalised key match (lowercase/underscore/plural) — CANDIDATE ONLY, requires human review"
128,bumper,0,yes,vehicles,vehicles,,0,0,0,0,0,0,plastic|metal,,0,1,0,0,0,1,0,,
63,buoy,0,yes,marine,marine,,0,0,0,0,0,0,plastic|foam|metal,,0,1,0,0,0,0,0,buoys#196,"normalised key match (lowercase/underscore/plural) — CANDIDATE ONLY, requires human review"
196,buoys,1,no,,,marine,145,189,145,1,1,189,,,0,0,0,0,1,1,1,buoy#63,"normalised key match (lowercase/underscore/plural) — CANDIDATE ONLY, requires human review"
118,butts,0,yes,smoking,smoking,smoking,82848,145241,82848,1,0,0,plastic|paper,,0,1,3,2,0,1,1,,
30,cable,0,yes,electronics,electronics,electronics,1,1,1,1,0,0,plastic|copper,,0,1,0,0,0,1,0,,
95,cable_tie,0,yes,other,other,other,14,17,14,1,0,0,,,0,1,0,1,0,1,1,cableTie#187,"normalised key match (lowercase/underscore/plural) — CANDIDATE ONLY, requires human review"
187,cableTie,1,no,,,other,1021,1203,1021,1,1,1203,,,0,0,0,1,1,1,0,cable_tie#95,"normalised key match (lowercase/underscore/plural) — CANDIDATE ONLY, requires human review"
5,can,0,yes,alcohol|food|softdrinks,alcohol|food|softdrinks,alcohol|food|softdrinks,511,538,502,3,0,0,aluminium|steel,beer|cider|spirits|premixed|unknown|soda|energy|juice|iced_tea|sparkling_water,334,3,0,0,0,1,1,,
129,car_part,0,yes,vehicles,vehicles,vehicles,11,15,11,1,0,0,metal|plastic|rubber|glass,,0,1,0,0,0,1,0,,
124,carton,0,yes,softdrinks,softdrinks,softdrinks,108,117,108,1,0,0,cardboard|foil|plastic,juice|milk|iced_tea|plant_milk|unknown,66,1,0,0,0,0,0,,
31,charger,0,yes,electronics,electronics,,0,0,0,0,0,0,plastic|metal,,0,1,0,0,0,1,0,,
195,chemical,1,no,,,industrial,27,36,27,1,1,36,,,0,0,0,0,1,1,1,,
56,chemical_container,0,yes,industrial,industrial,industrial,1,1,1,1,0,0,plastic|metal|glass,,0,1,0,0,0,0,0,,
38,chopsticks,0,yes,food,food,,0,0,0,0,0,0,wood|bamboo|plastic,,0,1,0,0,0,0,0,,
141,cigarette_box,1,no,,,smoking,9803,10245,9803,1,1,10245,,,0,0,3,1,1,1,0,,
88,clothing,0,yes,other,other,other,2524,2899,2524,1,0,0,,,0,1,2,0,0,1,1,,
115,condom,0,yes,sanitary,sanitary,sanitary,1,1,1,1,0,0,latex,,0,1,1,0,0,0,0,condoms#158,"normalised key match (lowercase/underscore/plural) — CANDIDATE ONLY, requires human review"
116,condom_wrapper,0,yes,sanitary,sanitary,sanitary,2,2,2,1,0,0,plastic|foil,,0,1,0,0,0,1,0,,
158,condoms,1,no,,,sanitary,190,366,190,1,1,366,,,0,0,0,0,1,1,1,condom#115,"normalised key match (lowercase/underscore/plural) — CANDIDATE ONLY, requires human review"
57,construction,0,yes,industrial,industrial,industrial,15,27,15,1,0,0,clay|concrete|plastic|metal|fiberglass|foam|asphalt|ceramic|stone,,0,1,0,0,0,1,0,,
39,container,0,yes,food|industrial,food|industrial,food,36,38,36,1,0,0,plastic|metal,,0,2,0,0,0,1,0,,
64,cotton_bud_stick,0,yes,marine,marine,marine,1,1,1,1,0,0,plastic,,0,1,0,0,0,0,0,,
65,crate,0,yes,marine,marine,,0,0,0,0,0,0,plastic,,0,1,0,0,0,0,0,,
163,crisp_large,1,no,,,food,431,469,431,1,1,469,,,0,0,3,0,1,1,1,,
40,crisp_packet,0,yes,food,food,food,58,58,58,1,0,0,foil|plastic,,0,1,0,0,0,0,0,,
157,crisp_small,1,no,,,food,4654,5037,4654,1,1,5037,,,0,0,4,0,1,1,1,,
6,cup,0,yes,alcohol|coffee|softdrinks,alcohol|coffee|softdrinks,alcohol|coffee|softdrinks,24613,27900,24519,3,0,0,plastic|paper|foam|ceramic|metal|bioplastic,tea|soda|smoothie|unknown,111,3,33,5,0,3,0,,
22,cup_carrier,0,yes,coffee|softdrinks,coffee|softdrinks,coffee,1,1,1,1,0,0,cardboard|plastic,,0,2,0,0,0,0,0,,
41,cutlery,0,yes,food,food,food,2730,3249,2730,1,0,0,plastic|wood|bioplastic|bamboo|metal,,0,1,1,1,0,1,0,,
110,dental_floss,0,yes,sanitary,sanitary,sanitary,9,10,9,1,0,0,nylon|plastic,,0,1,0,0,0,0,0,,
111,deodorant_can,0,yes,sanitary,sanitary,sanitary,161,172,161,1,0,0,aluminium,,0,1,0,1,0,1,0,,
102,dogshit,0,yes,pets,pets,other|pets,1657,2187,1657,2,1,1383,,,0,1,0,2,1,4,4,,
103,dogshit_in_bag,0,yes,pets,pets,other|pets,1560,2113,1560,2,1,649,plastic,,0,1,0,2,1,1,0,,
165,dump,1,no,,,other,1875,9733,1875,1,1,9733,,,0,0,0,0,1,1,1,,
28,dumping,0,yes,dumping,dumping,dumping,1906,20649,1890,1,0,0,,small|medium|large,35,1,0,3,0,2,6,,
161,ear_plugs,1,no,,,other,26,46,26,1,1,46,,,0,0,0,0,1,1,1,,
106,ear_swabs,0,yes,sanitary,sanitary,sanitary,10,19,10,1,0,0,plastic|cotton,,0,1,0,1,0,1,1,earSwabs#166,"normalised key match (lowercase/underscore/plural) — CANDIDATE ONLY, requires human review"
166,earSwabs,1,no,,,sanitary,172,294,172,1,1,294,,,0,0,0,1,1,1,0,ear_swabs#106,"normalised key match (lowercase/underscore/plural) — CANDIDATE ONLY, requires human review"
169,elec_large,1,no,,,other,60,100,60,1,1,100,,,0,0,0,0,1,1,1,,
174,elec_small,1,no,,,other,291,385,291,1,1,385,,,0,0,0,0,1,1,1,,
156,energy_can,1,no,,,softdrinks,20498,20931,20498,1,1,20931,,,0,0,6,2,2,1,1,,
79,face_mask,0,yes,medical,medical,medical,13,17,13,1,0,0,cotton|polyester|paper,,0,1,0,0,0,0,0,facemask#183,"normalised key match (lowercase/underscore/plural) — CANDIDATE ONLY, requires human review"
183,facemask,1,no,,,sanitary,7742,7910,7742,1,1,7910,,,0,0,0,0,1,1,1,face_mask#79,"normalised key match (lowercase/underscore/plural) — CANDIDATE ONLY, requires human review"
17,fallen_tree,0,yes,civic,civic,,0,0,0,0,0,0,,,0,1,0,0,0,0,0,,
167,filters,1,no,,,smoking,603,852,602,1,1,852,,,0,0,0,1,1,1,1,,
66,fishing_hook,0,yes,marine,marine,,0,0,0,0,0,0,metal,,0,1,0,0,0,0,0,,
67,fishing_line,0,yes,marine,marine,marine,5,5,5,1,0,0,nylon,,0,1,0,0,0,0,0,,
68,fishing_lure,0,yes,marine,marine,,0,0,0,0,0,0,plastic|metal,,0,1,0,0,0,0,0,,
69,fishing_net,0,yes,marine,marine,marine,4,4,4,1,0,0,nylon|plastic,,0,1,0,0,0,0,0,fishing_nets#173,"normalised key match (lowercase/underscore/plural) — CANDIDATE ONLY, requires human review"
173,fishing_nets,1,no,,,marine,894,1154,893,1,1,1154,,,0,0,0,2,1,0,0,fishing_net#69,"normalised key match (lowercase/underscore/plural) — CANDIDATE ONLY, requires human review"
145,fizzy_bottle,1,no,,,softdrinks,6448,7831,6448,1,1,7831,,,0,0,8,1,1,1,0,,
97,furniture,0,yes,other,other,,0,0,0,0,0,0,,,0,1,0,0,0,1,0,,
7,glass,0,yes,alcohol,alcohol,alcohol,106,123,106,1,0,0,glass,beer|wine|spirits|cider|unknown,15,18,0,9,0,2,2,,
159,glass_jar,1,no,,,food,131,188,131,1,1,188,,,0,0,0,0,1,1,1,,
80,gloves,0,yes,medical,medical,medical|sanitary,2444,2586,2444,2,1,2562,latex|rubber|plastic,,0,1,0,0,1,1,1,,
13,graffiti,0,yes,art,art,art,9,11,9,1,0,0,,,0,1,0,0,0,1,0,,
42,gum,0,yes,food,food,food,432,490,432,1,0,0,rubber,,0,1,0,1,0,1,0,,
160,hair_tie,1,no,,,other,515,546,515,1,1,546,,,0,0,0,0,1,1,1,,
32,headphones,0,yes,electronics,electronics,electronics,1,1,1,1,0,0,plastic|metal,,0,1,0,0,0,1,0,,
130,hubcap,0,yes,vehicles,vehicles,,0,0,0,0,0,0,plastic,,0,1,0,0,0,0,0,,
194,icedTea_can,1,no,,,softdrinks,588,607,588,1,1,607,,,0,0,0,1,1,1,0,,
186,iceTea_bottle,1,no,,,softdrinks,829,851,829,1,1,851,,,0,0,0,1,1,1,0,,
81,inhaler,0,yes,medical,medical,,0,0,0,0,0,0,plastic|metal,,0,1,0,0,0,0,0,,
185,item,1,no,,,art,42,43,42,1,1,43,,,0,0,0,0,0,1,1,,
43,jar,0,yes,food,food,food,1,1,1,1,0,0,glass|plastic|metal,,0,1,0,0,0,1,0,,
155,juice_bottle,1,no,,,softdrinks,1862,1940,1862,1,1,1940,,,0,0,1,1,1,1,0,,
154,juice_carton,1,no,,,softdrinks,2243,2327,2243,1,1,2327,,,0,0,2,1,1,1,0,,
125,juice_pouch,0,yes,softdrinks,softdrinks,softdrinks,2172,2263,2172,1,0,0,plastic|foil,,0,1,0,1,0,1,0,,
8,label,0,yes,alcohol|softdrinks,alcohol|softdrinks,softdrinks,2667,3154,2667,1,0,0,paper|plastic,,0,2,13,1,75,1,0,,
197,lego,1,no,,,marine,3,3,3,1,1,3,,,0,0,1,0,1,2,2,,
131,license_plate,0,yes,vehicles,vehicles,,0,0,0,0,0,0,metal|plastic,,0,1,0,0,0,1,0,,
23,lid,0,yes,coffee|food|softdrinks,coffee|food|softdrinks,coffee|food|softdrinks,20038,25001,19888,3,0,0,plastic|paper|bioplastic|ceramic|metal|glass,,0,3,28,4,0,3,0,,
184,life_buoy,1,no,,,other,6,11,6,1,1,11,,,0,0,0,0,1,1,1,,
132,light,0,yes,vehicles,vehicles,,0,0,0,0,0,0,glass|plastic,,0,1,0,0,0,1,0,,
33,light_bulb,0,yes,electronics,electronics,electronics,1,1,1,1,0,0,glass|plastic|metal,,0,1,0,0,0,0,0,,
119,lighters,0,yes,smoking,smoking,marine|smoking,843,886,843,2,1,60,plastic|metal,,0,1,0,1,0,1,1,,
18,loose_cables,0,yes,civic,civic,,0,0,0,0,0,0,,,0,1,0,0,0,0,0,,
70,macroplastics,0,yes,marine,marine,marine,360,790,360,1,0,0,plastic,,0,1,0,0,0,1,1,,
191,magazine,1,no,,,other,93,124,93,1,1,124,,,0,0,0,0,1,2,1,,
98,mattress,0,yes,other,other,other,1,1,1,1,0,0,,,0,1,0,0,0,1,0,,
82,medicine_bottle,0,yes,medical,medical,medical,2,2,2,1,0,0,plastic|glass,,0,1,0,0,0,0,0,,
147,mediumplastics,1,no,,,marine,1564,4004,1564,1,1,4004,,,0,0,0,0,1,1,1,,
182,menstrual,1,no,,,sanitary,179,201,179,1,1,201,,,0,0,0,1,1,0,0,,
114,menstrual_cup,0,yes,sanitary,sanitary,,0,0,0,0,0,0,plastic,,0,1,0,0,0,0,0,,
91,metal,0,yes,other,other,other,2722,4134,2722,1,0,0,,,0,40,0,1,0,2,2,,
71,microplastics,0,yes,marine,marine,marine,6698,9948,6698,1,0,0,plastic,,0,1,0,0,0,1,1,,
153,milk_bottle,1,no,,,softdrinks,901,935,901,1,1,935,,,0,0,0,2,1,1,1,,
151,milk_carton,1,no,,,softdrinks,827,874,827,1,1,874,,,0,0,0,2,1,1,1,,
133,mirror,0,yes,vehicles,vehicles,,0,0,0,0,0,0,glass|plastic,,0,1,0,0,0,1,0,,
14,mural,0,yes,art,art,,0,0,0,0,0,0,,,0,1,0,0,0,0,0,,
47,napkins,0,yes,food,food,food,3772,4397,3772,1,0,0,paper|cloth,,0,1,9,0,0,1,1,,
105,nappies,0,yes,sanitary,sanitary,sanitary,462,861,462,1,0,0,plastic|cloth,,0,1,0,0,0,1,1,,
72,nurdles,0,yes,marine,marine,,0,0,0,0,0,0,plastic,,0,1,0,0,0,0,0,,
198,oil,1,no,,,industrial,57,69,57,1,1,69,,,0,0,0,0,1,1,1,,
54,oil_container,0,yes,industrial,industrial,,0,0,0,0,0,0,plastic|metal,,0,1,0,0,0,0,0,,
55,oil_drum,0,yes,industrial,industrial,,0,0,0,0,0,0,metal|plastic,,0,1,0,0,0,0,0,,
1,other,0,yes,alcohol|art|civic|coffee|dumping|electronics|food|industrial|marine|medical|other|pets|sanitary|smoking|softdrinks|vehicles,alcohol|art|civic|coffee|dumping|electronics|food|industrial|marine|medical|other|pets|sanitary|smoking|softdrinks|unclassified|vehicles,alcohol|art|civic|coffee|dumping|electronics|food|industrial|marine|medical|other|pets|sanitary|smoking|softdrinks|vehicles,38074,46906,38065,16,0,0,,,0,16,21,9,0,13,14,,
19,overflowing_bin,0,yes,civic|other,civic|other,civic,6,6,6,1,0,0,,,0,2,0,0,0,0,0,overflowingBins#188,"normalised key match (lowercase/underscore/plural) — CANDIDATE ONLY, requires human review"
188,overflowingBins,1,no,,,other,517,524,517,1,1,524,,,0,0,0,1,1,1,0,overflowing_bin#19,"normalised key match (lowercase/underscore/plural) — CANDIDATE ONLY, requires human review"
9,packaging,0,yes,alcohol|coffee|food|smoking|softdrinks,alcohol|coffee|food|smoking|softdrinks,alcohol|coffee|food|smoking|softdrinks,50475,56301,49672,5,0,0,cardboard|paper|plastic|foil|foam|bioplastic,,0,5,45,5,0,5,1,,
44,packet,0,yes,food,food,food,2910,3095,2910,1,0,0,plastic|foil|paper,,0,1,6,1,0,1,0,,
100,paint_can,0,yes,other,other,other,3,7,3,1,0,0,metal|plastic,,0,1,0,0,0,0,0,,
60,pallet,0,yes,industrial,industrial,,0,0,0,0,0,0,wood|plastic,,0,1,0,0,0,1,0,,
93,paper,0,yes,other,other,other,28548,31919,28548,1,0,0,paper,,0,27,0,6,0,2,2,papers#120,"NORMALISED MATCH BUT DISJOINT CATEGORIES — likely genuinely distinct (cf. paper/papers)"
120,papers,0,yes,smoking,smoking,smoking,6,6,6,1,0,0,paper,,0,1,0,0,0,0,0,paper#93,"NORMALISED MATCH BUT DISJOINT CATEGORIES — likely genuinely distinct (cf. paper/papers)"
34,phone,0,yes,electronics,electronics,,0,0,0,0,0,0,metal|plastic|glass,,0,1,0,0,0,0,3,,
83,pill_pack,0,yes,medical,medical,medical,2,2,2,1,0,0,plastic|aluminium,,0,1,0,0,0,0,0,,
62,pipe,0,yes,industrial,industrial,,0,0,0,0,0,0,metal|plastic|concrete,,0,1,0,0,0,2,0,,
46,pizza_box,0,yes,food,food,food,185,208,185,1,0,0,cardboard,,0,1,0,0,0,1,1,,
84,plaster,0,yes,medical,medical,,0,0,0,0,0,0,plastic|fabric,,0,1,0,0,0,1,0,,
89,plastic,0,yes,other,other,industrial|other,88999,100142,88999,2,1,2937,,,0,105,2,39,0,3,2,,
92,plastic_bag,0,yes,other,other,other,253,264,253,1,0,0,,,0,1,0,0,0,0,0,plasticBags#149,"normalised key match (lowercase/underscore/plural) — CANDIDATE ONLY, requires human review"
149,plasticBags,1,no,,,other,10051,12946,10051,1,1,12946,,,0,0,12,1,1,1,0,plastic_bag#92,"normalised key match (lowercase/underscore/plural) — CANDIDATE ONLY, requires human review"
45,plate,0,yes,food,food,food,1096,1710,1096,1,0,0,plastic|paper|foam|ceramic|metal|glass|bioplastic,,0,1,4,1,0,1,0,,
26,pod,0,yes,coffee,coffee,coffee,1,1,1,1,0,0,plastic|aluminium,,0,2,0,0,0,1,0,,
73,polystyrene_fragment,0,yes,marine,marine,marine,37,42,37,1,0,0,polystyrene,,0,1,0,0,0,0,0,,
94,poster,0,yes,other,other,other,6,6,6,1,0,0,,,0,1,0,0,0,0,0,posters#177,"normalised key match (lowercase/underscore/plural) — CANDIDATE ONLY, requires human review"
177,posters,1,no,,,other,208,268,206,1,1,268,,,0,0,0,2,1,1,0,poster#94,"normalised key match (lowercase/underscore/plural) — CANDIDATE ONLY, requires human review"
20,pothole,0,yes,civic,civic,,0,0,0,0,0,0,,,0,1,0,0,0,0,0,,
121,pouch,0,yes,smoking,smoking,smoking,8,8,8,1,0,0,plastic|foil,tobacco,8,1,0,0,0,0,0,,
35,printer_cartridge,0,yes,electronics,electronics,,0,0,0,0,0,0,plastic,,0,1,0,0,0,0,0,,
10,pull_ring,0,yes,alcohol|softdrinks,alcohol|softdrinks,softdrinks,5,5,5,1,0,0,aluminium,,0,2,0,0,0,1,0,pullRing#175,"normalised key match (lowercase/underscore/plural) — CANDIDATE ONLY, requires human review"
175,pullRing,1,no,,,softdrinks,758,1168,758,1,1,1168,,,0,0,2,1,1,1,0,pull_ring#10,"normalised key match (lowercase/underscore/plural) — CANDIDATE ONLY, requires human review"
170,randomLitter,1,no,,,other,12821,33801,12821,1,1,33801,,,0,0,0,1,1,1,0,,
122,rolling_filter,0,yes,smoking,smoking,smoking,8,8,8,1,0,0,paper|plastic,,0,1,0,0,0,0,0,,
148,rollingPapers,1,no,,,smoking,525,546,525,1,1,546,,,0,0,0,1,1,1,0,,
74,rope,0,yes,marine,marine,marine,3576,4670,3497,1,0,0,nylon|plastic|polyester,small|medium|large,0,1,0,8,0,0,0,,
48,sachet,0,yes,food,food,food,5,5,5,1,0,0,plastic|foil|paper,,0,1,0,0,0,0,0,,
112,sanitary_pad,0,yes,sanitary,sanitary,sanitary,6,6,6,1,0,0,cotton|plastic,,0,1,0,0,0,0,0,,
85,sanitiser,0,yes,medical,medical,medical|sanitary,43,54,43,2,1,53,plastic,,0,1,0,1,1,1,0,,
75,shellfish_bag,0,yes,marine,marine,,0,0,0,0,0,0,plastic,,0,1,0,0,0,0,0,,
76,shotgun_cartridge,0,yes,marine,marine,marine,79,81,79,1,0,0,metal|plastic,,0,1,0,0,0,0,0,shotgun_cartridges#193,"normalised key match (lowercase/underscore/plural) — CANDIDATE ONLY, requires human review"
193,shotgun_cartridges,1,no,,,marine,493,725,493,1,1,725,,,0,0,0,0,1,1,1,shotgun_cartridge#76,"normalised key match (lowercase/underscore/plural) — CANDIDATE ONLY, requires human review"
11,six_pack_rings,0,yes,alcohol,alcohol,alcohol,236,271,236,1,0,0,plastic|cardboard,,0,1,3,0,0,1,1,,
49,skewer,0,yes,food,food,,0,0,0,0,0,0,wood|bamboo|metal,,0,1,0,0,0,0,0,,
27,sleeve,0,yes,coffee,coffee,coffee,4,4,4,1,0,0,cardboard|silicone,,0,1,9,0,0,0,0,,
142,soda_can,1,no,,,softdrinks,16462,18034,16462,1,1,18034,,,0,0,6,1,2,1,0,,
144,spirits_bottle,1,no,,,alcohol,2661,3457,2661,1,1,3457,,,0,0,1,1,1,1,1,,
143,sports_bottle,1,no,,,softdrinks,2931,3277,2931,1,1,3277,,,0,0,5,1,1,1,0,,
24,stirrer,0,yes,coffee,coffee,coffee,13,13,13,1,0,0,wood|plastic|metal|bamboo,,0,1,4,0,0,1,0,,
25,straw,0,yes,coffee|food|softdrinks,coffee|food|softdrinks,coffee|food|softdrinks,247,261,247,3,0,0,plastic|paper|metal|bamboo,,0,3,0,0,0,2,0,straws#150,"normalised key match (lowercase/underscore/plural) — CANDIDATE ONLY, requires human review"
172,straw_packaging,1,no,,,softdrinks,1039,1111,1039,1,1,1111,,,0,0,0,1,1,1,0,,
126,straw_wrapper,0,yes,softdrinks,softdrinks,softdrinks,59,59,59,1,0,0,paper|plastic,,0,1,0,0,0,0,0,,
150,straws,1,no,,,marine|softdrinks,7543,8664,7543,2,2,8664,,,0,0,9,1,2,1,1,straw#25,"normalised key match (lowercase/underscore/plural) — CANDIDATE ONLY, requires human review"
77,styrofoam,0,yes,marine,marine,marine,3308,4799,3248,1,0,0,polystyrene,,0,1,0,8,0,0,0,,
86,syringe,0,yes,medical,medical,,0,0,0,0,0,0,plastic|metal,,0,1,0,0,0,1,0,,
50,takeaway_container,0,yes,food,food,food,9,9,9,1,0,0,plastic|foam|aluminium|cardboard,,0,1,0,0,0,0,0,,
113,tampon,0,yes,sanitary,sanitary,,0,0,0,0,0,0,plastic,,0,1,0,0,0,1,0,,
59,tape,0,yes,industrial,industrial,industrial,370,391,370,1,0,0,plastic,,0,1,0,0,0,1,1,,
87,test_kit,0,yes,medical,medical,medical,1,1,1,1,0,0,plastic,,0,1,0,0,0,0,0,,
51,tinfoil,0,yes,food,food,food,2450,2600,2450,1,0,0,aluminium,,0,1,0,1,0,1,0,,
107,tissue,0,yes,sanitary,sanitary,sanitary,600,602,600,1,0,0,paper,,0,1,0,0,0,0,0,,
162,tobaccopouch,1,no,,,smoking,408,434,408,1,1,434,,,0,0,0,0,1,0,0,,
108,toothbrush,0,yes,sanitary,sanitary,sanitary,71,89,71,1,0,0,plastic|nylon|bamboo|wood,,0,1,1,1,0,1,0,,
109,toothpaste_tube,0,yes,sanitary,sanitary,,0,0,0,0,0,0,plastic|aluminium,,0,1,0,0,0,0,0,,
168,toothpick,1,no,,,sanitary,284,309,284,1,1,309,,,0,0,0,1,1,0,0,,
90,traffic_cone,0,yes,other,other,other,1,1,1,1,0,0,,,0,1,0,1,0,1,1,trafficCone#171,"normalised key match (lowercase/underscore/plural) — CANDIDATE ONLY, requires human review"
171,trafficCone,1,no,,,other,116,136,116,1,1,136,,,0,0,0,1,1,1,0,traffic_cone#90,"normalised key match (lowercase/underscore/plural) — CANDIDATE ONLY, requires human review"
52,tray,0,yes,food,food,food,2,2,2,1,0,0,plastic|foam|cardboard|aluminium,,0,1,0,0,0,0,0,,
134,trim,0,yes,vehicles,vehicles,,0,0,0,0,0,0,plastic,,0,1,0,1,0,0,0,,
135,tyre,0,yes,vehicles,vehicles,other,202,436,202,1,1,436,rubber,,0,1,0,0,1,2,1,,
101,umbrella,0,yes,other,other,,0,0,0,0,0,0,plastic|metal|cloth,,0,1,0,0,0,1,0,,
123,vape,0,yes,smoking,smoking,smoking,27,27,27,1,0,0,plastic|metal|glass,disposable|pen|device|pod|cartridge|mouthpiece|e_liquid_bottle|unknown,8,1,0,0,0,0,0,,
189,vapeOil,1,no,,,smoking,63,74,63,1,1,74,,,0,0,0,1,1,1,0,,
190,vapePen,1,no,,,smoking,484,582,484,1,1,582,,,0,0,0,1,1,1,0,,
21,walkability,0,yes,civic,civic,,0,0,0,0,0,0,,,0,1,0,0,0,0,0,,
152,washingUp,1,no,,,other,79,102,79,1,1,102,,,0,0,0,1,1,1,0,,
140,water_bottle,1,no,,,softdrinks,17189,21889,17189,1,1,21889,,,0,0,5,1,2,1,0,,
179,wetwipes,1,no,,,sanitary,3326,6052,3326,1,1,6052,,,0,0,0,0,1,1,1,,
136,wheel,0,yes,vehicles,vehicles,,0,0,0,0,0,0,metal|plastic|rubber,,0,1,0,0,0,1,0,,
139,wine_bottle,1,no,,,alcohol,638,863,638,1,1,863,,,0,0,0,1,1,1,0,,
12,wine_cork,0,yes,alcohol,alcohol,,0,0,0,0,0,0,cork|plastic,,0,1,0,0,0,0,0,,
104,wipes,0,yes,sanitary,sanitary,sanitary,36,80,36,1,0,0,polyester|plastic,,0,1,0,0,0,1,1,,
61,wire,0,yes,industrial,industrial,industrial,1,1,1,1,0,0,copper|plastic|steel,,0,1,0,0,0,1,0,,
53,wrapper,0,yes,food,food,food,19672,22565,19672,1,0,0,plastic|paper|foil|bioplastic,,0,1,24,1,0,1,0,,
