object_id,object_key,in_tagsconfig,total_items,pivotless_items,categories_used,proposed_action,uncertainty,status,decision,decided_by,decided_at,notes
99,appliance,yes,0,0,,keep,,NO_REVIEW_NEEDED,,,,
117,ashtray,yes,0,0,,keep,,NO_REVIEW_NEEDED,,,,
180,automobile,no,987,987,other,"merge → vehicles/car_part","legacy key not in TagsConfig; CATEGORY MOVE to vehicles",PENDING,,,,
36,bag,yes,1718,1662,food|marine,"merge → marine/other","LOSSY: proposed merge into generic ""other""; canonical object tagged in a category with no pivot",PENDING,,,,
176,bagsLitter,no,2239,2239,other,"merge → other/bags_litter","legacy key not in TagsConfig; duplicate candidate: bags_litter (CANDIDATE ONLY)",PENDING,,,,
15,bags_litter,yes,161,0,civic|other,keep,"duplicate candidate: bagsLitter (CANDIDATE ONLY)",PENDING,,,,
96,balloon,yes,28,0,other,keep,"duplicate candidate: balloons (CANDIDATE ONLY)",PENDING,,,,
178,balloons,no,2491,2491,marine|other,"merge → other/balloon , marine/other","legacy key not in TagsConfig; LOSSY: proposed merge into generic ""other""; duplicate candidate: balloon (CANDIDATE ONLY)",PENDING,,,,
78,bandage,yes,2,0,medical,keep,,NO_REVIEW_NEEDED,,,,
181,batteries,no,363,363,other,"merge → electronics/battery","legacy key not in TagsConfig; CATEGORY MOVE to electronics; BrandsConfig references this key — must update together",PENDING,,,,
29,battery,yes,3,0,electronics,keep,,NO_REVIEW_NEEDED,,,,
138,beer_bottle,no,18074,18074,alcohol,"merge → alcohol/bottle","legacy key not in TagsConfig; BrandsConfig references this key — must update together",PENDING,,,,
137,beer_can,no,26488,26488,alcohol,"merge → alcohol/can","legacy key not in TagsConfig; BrandsConfig references this key — must update together",PENDING,,,,
127,bicycle,yes,1,0,vehicles,keep,,NO_REVIEW_NEEDED,,,,
16,blocked_drain,yes,5,0,civic,keep,,NO_REVIEW_NEEDED,,,,
192,books,no,71,71,other,"merge → other/other","legacy key not in TagsConfig; LOSSY: proposed merge into generic ""other""",PENDING,,,,
2,bottle,yes,2233,1070,alcohol|marine|softdrinks,"merge → marine/other","LOSSY: proposed merge into generic ""other""; canonical object tagged in a category with no pivot; BrandsConfig references this key — must update together",PENDING,,,,
4,bottle_cap,yes,225,0,alcohol|softdrinks,keep,,NO_REVIEW_NEEDED,,,,
146,bottletops,no,13018,13018,alcohol,"merge → alcohol/bottle_cap","legacy key not in TagsConfig; BrandsConfig references this key — must update together",PENDING,,,,
37,box,yes,176,0,food|smoking,keep,,NO_REVIEW_NEEDED,,,,
58,bricks,yes,242,0,industrial,keep,,NO_REVIEW_NEEDED,,,,
3,broken_glass,yes,107,0,alcohol|softdrinks,keep,"duplicate candidate: brokenglass (CANDIDATE ONLY)",PENDING,,,,
164,brokenglass,no,8160,8160,alcohol|softdrinks,"merge → alcohol/broken_glass , softdrinks/broken_glass","legacy key not in TagsConfig; duplicate candidate: broken_glass (CANDIDATE ONLY)",PENDING,,,,
128,bumper,yes,0,0,,keep,,NO_REVIEW_NEEDED,,,,
63,buoy,yes,0,0,,keep,"duplicate candidate: buoys (CANDIDATE ONLY)",PENDING,,,,
196,buoys,no,189,189,marine,"merge → marine/buoy","legacy key not in TagsConfig; duplicate candidate: buoy (CANDIDATE ONLY)",PENDING,,,,
118,butts,yes,145241,0,smoking,keep,,NO_REVIEW_NEEDED,,,,
30,cable,yes,1,0,electronics,keep,,NO_REVIEW_NEEDED,,,,
187,cableTie,no,1203,1203,other,"merge → other/cable_tie","legacy key not in TagsConfig; duplicate candidate: cable_tie (CANDIDATE ONLY)",PENDING,,,,
95,cable_tie,yes,17,0,other,keep,"duplicate candidate: cableTie (CANDIDATE ONLY)",PENDING,,,,
5,can,yes,538,0,alcohol|food|softdrinks,keep,,NO_REVIEW_NEEDED,,,,
129,car_part,yes,15,0,vehicles,keep,,NO_REVIEW_NEEDED,,,,
124,carton,yes,117,0,softdrinks,keep,,NO_REVIEW_NEEDED,,,,
31,charger,yes,0,0,,keep,,NO_REVIEW_NEEDED,,,,
195,chemical,no,36,36,industrial,"merge → industrial/chemical_container","legacy key not in TagsConfig",PENDING,,,,
56,chemical_container,yes,1,0,industrial,keep,,NO_REVIEW_NEEDED,,,,
38,chopsticks,yes,0,0,,keep,,NO_REVIEW_NEEDED,,,,
141,cigarette_box,no,10245,10245,smoking,"merge → smoking/box","legacy key not in TagsConfig; BrandsConfig references this key — must update together",PENDING,,,,
88,clothing,yes,2899,0,other,keep,,NO_REVIEW_NEEDED,,,,
115,condom,yes,1,0,sanitary,keep,"duplicate candidate: condoms (CANDIDATE ONLY); BrandsConfig references this key — must update together",PENDING,,,,
116,condom_wrapper,yes,2,0,sanitary,keep,,NO_REVIEW_NEEDED,,,,
158,condoms,no,366,366,sanitary,"merge → sanitary/condom","legacy key not in TagsConfig; duplicate candidate: condom (CANDIDATE ONLY)",PENDING,,,,
57,construction,yes,27,0,industrial,keep,,NO_REVIEW_NEEDED,,,,
39,container,yes,38,0,food,keep,,NO_REVIEW_NEEDED,,,,
64,cotton_bud_stick,yes,1,0,marine,keep,,NO_REVIEW_NEEDED,,,,
65,crate,yes,0,0,,keep,,NO_REVIEW_NEEDED,,,,
163,crisp_large,no,469,469,food,"merge → food/crisp_packet","legacy key not in TagsConfig; size unrepresentable — photo_tags has no size column; BrandsConfig references this key — must update together",PENDING,,,,
40,crisp_packet,yes,58,0,food,keep,,NO_REVIEW_NEEDED,,,,
157,crisp_small,no,5037,5037,food,"merge → food/crisp_packet","legacy key not in TagsConfig; size unrepresentable — photo_tags has no size column; BrandsConfig references this key — must update together",PENDING,,,,
6,cup,yes,27900,0,alcohol|coffee|softdrinks,keep,,NO_REVIEW_NEEDED,,,,
22,cup_carrier,yes,1,0,coffee,keep,,NO_REVIEW_NEEDED,,,,
41,cutlery,yes,3249,0,food,keep,,NO_REVIEW_NEEDED,,,,
110,dental_floss,yes,10,0,sanitary,keep,,NO_REVIEW_NEEDED,,,,
111,deodorant_can,yes,172,0,sanitary,keep,,NO_REVIEW_NEEDED,,,,
102,dogshit,yes,2187,1383,other|pets,"merge → pets/dogshit","canonical object tagged in a category with no pivot",PENDING,,,,
103,dogshit_in_bag,yes,2113,649,other|pets,"merge → pets/dogshit_in_bag","canonical object tagged in a category with no pivot",PENDING,,,,
165,dump,no,9733,9733,other,"merge → dumping/dumping","legacy key not in TagsConfig; CATEGORY MOVE to dumping",PENDING,,,,
28,dumping,yes,20649,0,dumping,keep,,NO_REVIEW_NEEDED,,,,
166,earSwabs,no,294,294,sanitary,"merge → sanitary/ear_swabs","legacy key not in TagsConfig; duplicate candidate: ear_swabs (CANDIDATE ONLY)",PENDING,,,,
161,ear_plugs,no,46,46,other,"merge → sanitary/other","legacy key not in TagsConfig; LOSSY: proposed merge into generic ""other""; CATEGORY MOVE to sanitary",PENDING,,,,
106,ear_swabs,yes,19,0,sanitary,keep,"duplicate candidate: earSwabs (CANDIDATE ONLY)",PENDING,,,,
169,elec_large,no,100,100,other,"merge → electronics/other","legacy key not in TagsConfig; LOSSY: proposed merge into generic ""other""; CATEGORY MOVE to electronics",PENDING,,,,
174,elec_small,no,385,385,other,"merge → electronics/other","legacy key not in TagsConfig; LOSSY: proposed merge into generic ""other""; CATEGORY MOVE to electronics",PENDING,,,,
156,energy_can,no,20931,20931,softdrinks,"merge → softdrinks/can","legacy key not in TagsConfig; BrandsConfig references this key — must update together",PENDING,,,,
79,face_mask,yes,17,0,medical,keep,"duplicate candidate: facemask (CANDIDATE ONLY)",PENDING,,,,
183,facemask,no,7910,7910,sanitary,"merge → medical/face_mask","legacy key not in TagsConfig; CATEGORY MOVE to medical; duplicate candidate: face_mask (CANDIDATE ONLY)",PENDING,,,,
17,fallen_tree,yes,0,0,,keep,,NO_REVIEW_NEEDED,,,,
167,filters,no,852,852,smoking,"merge → smoking/rolling_filter","legacy key not in TagsConfig",PENDING,,,,
66,fishing_hook,yes,0,0,,keep,,NO_REVIEW_NEEDED,,,,
67,fishing_line,yes,5,0,marine,keep,,NO_REVIEW_NEEDED,,,,
68,fishing_lure,yes,0,0,,keep,,NO_REVIEW_NEEDED,,,,
69,fishing_net,yes,4,0,marine,keep,"duplicate candidate: fishing_nets (CANDIDATE ONLY)",PENDING,,,,
173,fishing_nets,no,1154,1154,marine,"merge → marine/fishing_net","legacy key not in TagsConfig; duplicate candidate: fishing_net (CANDIDATE ONLY)",PENDING,,,,
145,fizzy_bottle,no,7831,7831,softdrinks,"merge → softdrinks/bottle","legacy key not in TagsConfig; BrandsConfig references this key — must update together",PENDING,,,,
97,furniture,yes,0,0,,keep,,NO_REVIEW_NEEDED,,,,
7,glass,yes,123,0,alcohol,keep,,NO_REVIEW_NEEDED,,,,
159,glass_jar,no,188,188,food,"merge → food/jar","legacy key not in TagsConfig",PENDING,,,,
80,gloves,yes,2586,2562,medical|sanitary,"merge → medical/gloves","canonical object tagged in a category with no pivot",PENDING,,,,
13,graffiti,yes,11,0,art,keep,,NO_REVIEW_NEEDED,,,,
42,gum,yes,490,0,food,keep,,NO_REVIEW_NEEDED,,,,
160,hair_tie,no,546,546,other,"merge → sanitary/other","legacy key not in TagsConfig; LOSSY: proposed merge into generic ""other""; CATEGORY MOVE to sanitary",PENDING,,,,
32,headphones,yes,1,0,electronics,keep,,NO_REVIEW_NEEDED,,,,
130,hubcap,yes,0,0,,keep,,NO_REVIEW_NEEDED,,,,
186,iceTea_bottle,no,851,851,softdrinks,"merge → softdrinks/bottle","legacy key not in TagsConfig",PENDING,,,,
194,icedTea_can,no,607,607,softdrinks,"merge → softdrinks/can","legacy key not in TagsConfig",PENDING,,,,
81,inhaler,yes,0,0,,keep,,NO_REVIEW_NEEDED,,,,
185,item,no,43,43,art,"merge → art/other","legacy key not in TagsConfig; LOSSY: proposed merge into generic ""other""",PENDING,,,,
43,jar,yes,1,0,food,keep,,NO_REVIEW_NEEDED,,,,
155,juice_bottle,no,1940,1940,softdrinks,"merge → softdrinks/bottle","legacy key not in TagsConfig; BrandsConfig references this key — must update together",PENDING,,,,
154,juice_carton,no,2327,2327,softdrinks,"merge → softdrinks/carton","legacy key not in TagsConfig; BrandsConfig references this key — must update together",PENDING,,,,
125,juice_pouch,yes,2263,0,softdrinks,keep,,NO_REVIEW_NEEDED,,,,
8,label,yes,3154,0,softdrinks,keep,,NO_REVIEW_NEEDED,,,,
197,lego,no,3,3,marine,"merge → other/other","legacy key not in TagsConfig; LOSSY: proposed merge into generic ""other""; CATEGORY MOVE to other; BrandsConfig references this key — must update together",PENDING,,,,
131,license_plate,yes,0,0,,keep,,NO_REVIEW_NEEDED,,,,
23,lid,yes,25001,0,coffee|food|softdrinks,keep,,NO_REVIEW_NEEDED,,,,
184,life_buoy,no,11,11,other,"merge → marine/buoy","legacy key not in TagsConfig; CATEGORY MOVE to marine",PENDING,,,,
132,light,yes,0,0,,keep,,NO_REVIEW_NEEDED,,,,
33,light_bulb,yes,1,0,electronics,keep,,NO_REVIEW_NEEDED,,,,
119,lighters,yes,886,60,marine|smoking,"merge → smoking/lighters","canonical object tagged in a category with no pivot",PENDING,,,,
18,loose_cables,yes,0,0,,keep,,NO_REVIEW_NEEDED,,,,
70,macroplastics,yes,790,0,marine,keep,,NO_REVIEW_NEEDED,,,,
191,magazine,no,124,124,other,"merge → other/other","legacy key not in TagsConfig; LOSSY: proposed merge into generic ""other""",PENDING,,,,
98,mattress,yes,1,0,other,keep,,NO_REVIEW_NEEDED,,,,
82,medicine_bottle,yes,2,0,medical,keep,,NO_REVIEW_NEEDED,,,,
147,mediumplastics,no,4004,4004,marine,"merge → marine/macroplastics","legacy key not in TagsConfig",PENDING,,,,
182,menstrual,no,201,201,sanitary,"merge → sanitary/sanitary_pad","legacy key not in TagsConfig",PENDING,,,,
114,menstrual_cup,yes,0,0,,keep,,NO_REVIEW_NEEDED,,,,
91,metal,yes,4134,0,other,keep,,NO_REVIEW_NEEDED,,,,
71,microplastics,yes,9948,0,marine,keep,,NO_REVIEW_NEEDED,,,,
153,milk_bottle,no,935,935,softdrinks,"merge → softdrinks/bottle","legacy key not in TagsConfig",PENDING,,,,
151,milk_carton,no,874,874,softdrinks,"merge → softdrinks/carton","legacy key not in TagsConfig",PENDING,,,,
133,mirror,yes,0,0,,keep,,NO_REVIEW_NEEDED,,,,
14,mural,yes,0,0,,keep,,NO_REVIEW_NEEDED,,,,
47,napkins,yes,4397,0,food,keep,,NO_REVIEW_NEEDED,,,,
105,nappies,yes,861,0,sanitary,keep,,NO_REVIEW_NEEDED,,,,
72,nurdles,yes,0,0,,keep,,NO_REVIEW_NEEDED,,,,
198,oil,no,69,69,industrial,"merge → industrial/oil_container","legacy key not in TagsConfig",PENDING,,,,
54,oil_container,yes,0,0,,keep,,NO_REVIEW_NEEDED,,,,
55,oil_drum,yes,0,0,,keep,,NO_REVIEW_NEEDED,,,,
1,other,yes,46906,0,alcohol|art|civic|coffee|dumping|electronics|food|industrial|marine|medical|other|pets|sanitary|smoking|softdrinks|vehicles,keep,,NO_REVIEW_NEEDED,,,,
188,overflowingBins,no,524,524,other,"merge → other/overflowing_bin","legacy key not in TagsConfig; duplicate candidate: overflowing_bin (CANDIDATE ONLY)",PENDING,,,,
19,overflowing_bin,yes,6,0,civic,keep,"duplicate candidate: overflowingBins (CANDIDATE ONLY)",PENDING,,,,
9,packaging,yes,56301,0,alcohol|coffee|food|smoking|softdrinks,keep,,NO_REVIEW_NEEDED,,,,
44,packet,yes,3095,0,food,keep,,NO_REVIEW_NEEDED,,,,
100,paint_can,yes,7,0,other,keep,,NO_REVIEW_NEEDED,,,,
60,pallet,yes,0,0,,keep,,NO_REVIEW_NEEDED,,,,
93,paper,yes,31919,0,other,keep,"duplicate candidate: papers (CANDIDATE ONLY)",PENDING,,,,
120,papers,yes,6,0,smoking,keep,"duplicate candidate: paper (CANDIDATE ONLY)",PENDING,,,,
34,phone,yes,0,0,,keep,,NO_REVIEW_NEEDED,,,,
83,pill_pack,yes,2,0,medical,keep,,NO_REVIEW_NEEDED,,,,
62,pipe,yes,0,0,,keep,,NO_REVIEW_NEEDED,,,,
46,pizza_box,yes,208,0,food,keep,,NO_REVIEW_NEEDED,,,,
84,plaster,yes,0,0,,keep,,NO_REVIEW_NEEDED,,,,
89,plastic,yes,100142,2937,industrial|other,"merge → other/plastic","canonical object tagged in a category with no pivot; BrandsConfig references this key — must update together",PENDING,,,,
149,plasticBags,no,12946,12946,other,"merge → other/plastic_bag","legacy key not in TagsConfig; duplicate candidate: plastic_bag (CANDIDATE ONLY); BrandsConfig references this key — must update together",PENDING,,,,
92,plastic_bag,yes,264,0,other,keep,"duplicate candidate: plasticBags (CANDIDATE ONLY)",PENDING,,,,
45,plate,yes,1710,0,food,keep,,NO_REVIEW_NEEDED,,,,
26,pod,yes,1,0,coffee,keep,,NO_REVIEW_NEEDED,,,,
73,polystyrene_fragment,yes,42,0,marine,keep,,NO_REVIEW_NEEDED,,,,
94,poster,yes,6,0,other,keep,"duplicate candidate: posters (CANDIDATE ONLY)",PENDING,,,,
177,posters,no,268,268,other,"merge → other/poster","legacy key not in TagsConfig; duplicate candidate: poster (CANDIDATE ONLY)",PENDING,,,,
20,pothole,yes,0,0,,keep,,NO_REVIEW_NEEDED,,,,
121,pouch,yes,8,0,smoking,keep,,NO_REVIEW_NEEDED,,,,
35,printer_cartridge,yes,0,0,,keep,,NO_REVIEW_NEEDED,,,,
175,pullRing,no,1168,1168,softdrinks,"merge → softdrinks/pull_ring","legacy key not in TagsConfig; duplicate candidate: pull_ring (CANDIDATE ONLY); BrandsConfig references this key — must update together",PENDING,,,,
10,pull_ring,yes,5,0,softdrinks,keep,"duplicate candidate: pullRing (CANDIDATE ONLY)",PENDING,,,,
170,randomLitter,no,33801,33801,other,"merge → other/other","legacy key not in TagsConfig; LOSSY: proposed merge into generic ""other""",PENDING,,,,
148,rollingPapers,no,546,546,smoking,"merge → smoking/papers","legacy key not in TagsConfig",PENDING,,,,
122,rolling_filter,yes,8,0,smoking,keep,,NO_REVIEW_NEEDED,,,,
74,rope,yes,4670,0,marine,keep,,NO_REVIEW_NEEDED,,,,
48,sachet,yes,5,0,food,keep,,NO_REVIEW_NEEDED,,,,
112,sanitary_pad,yes,6,0,sanitary,keep,,NO_REVIEW_NEEDED,,,,
85,sanitiser,yes,54,53,medical|sanitary,"merge → medical/sanitiser","canonical object tagged in a category with no pivot",PENDING,,,,
75,shellfish_bag,yes,0,0,,keep,,NO_REVIEW_NEEDED,,,,
76,shotgun_cartridge,yes,81,0,marine,keep,"duplicate candidate: shotgun_cartridges (CANDIDATE ONLY)",PENDING,,,,
193,shotgun_cartridges,no,725,725,marine,"merge → marine/shotgun_cartridge","legacy key not in TagsConfig; duplicate candidate: shotgun_cartridge (CANDIDATE ONLY)",PENDING,,,,
11,six_pack_rings,yes,271,0,alcohol,keep,,NO_REVIEW_NEEDED,,,,
49,skewer,yes,0,0,,keep,,NO_REVIEW_NEEDED,,,,
27,sleeve,yes,4,0,coffee,keep,,NO_REVIEW_NEEDED,,,,
142,soda_can,no,18034,18034,softdrinks,"merge → softdrinks/can","legacy key not in TagsConfig; BrandsConfig references this key — must update together",PENDING,,,,
144,spirits_bottle,no,3457,3457,alcohol,"merge → alcohol/bottle","legacy key not in TagsConfig; BrandsConfig references this key — must update together",PENDING,,,,
143,sports_bottle,no,3277,3277,softdrinks,"merge → softdrinks/bottle","legacy key not in TagsConfig; BrandsConfig references this key — must update together",PENDING,,,,
24,stirrer,yes,13,0,coffee,keep,,NO_REVIEW_NEEDED,,,,
25,straw,yes,261,0,coffee|food|softdrinks,keep,"duplicate candidate: straws (CANDIDATE ONLY)",PENDING,,,,
172,straw_packaging,no,1111,1111,softdrinks,"merge → softdrinks/straw_wrapper","legacy key not in TagsConfig",PENDING,,,,
126,straw_wrapper,yes,59,0,softdrinks,keep,,NO_REVIEW_NEEDED,,,,
150,straws,no,8664,8664,marine|softdrinks,"merge → softdrinks/straw , marine/other","legacy key not in TagsConfig; LOSSY: proposed merge into generic ""other""; duplicate candidate: straw (CANDIDATE ONLY); BrandsConfig references this key — must update together",PENDING,,,,
77,styrofoam,yes,4799,0,marine,keep,,NO_REVIEW_NEEDED,,,,
86,syringe,yes,0,0,,keep,,NO_REVIEW_NEEDED,,,,
50,takeaway_container,yes,9,0,food,keep,,NO_REVIEW_NEEDED,,,,
113,tampon,yes,0,0,,keep,,NO_REVIEW_NEEDED,,,,
59,tape,yes,391,0,industrial,keep,,NO_REVIEW_NEEDED,,,,
87,test_kit,yes,1,0,medical,keep,,NO_REVIEW_NEEDED,,,,
51,tinfoil,yes,2600,0,food,keep,,NO_REVIEW_NEEDED,,,,
107,tissue,yes,602,0,sanitary,keep,,NO_REVIEW_NEEDED,,,,
162,tobaccopouch,no,434,434,smoking,"merge → smoking/pouch","legacy key not in TagsConfig",PENDING,,,,
108,toothbrush,yes,89,0,sanitary,keep,,NO_REVIEW_NEEDED,,,,
109,toothpaste_tube,yes,0,0,,keep,,NO_REVIEW_NEEDED,,,,
168,toothpick,no,309,309,sanitary,"merge → sanitary/other","legacy key not in TagsConfig; LOSSY: proposed merge into generic ""other""",PENDING,,,,
171,trafficCone,no,136,136,other,"merge → other/traffic_cone","legacy key not in TagsConfig; duplicate candidate: traffic_cone (CANDIDATE ONLY)",PENDING,,,,
90,traffic_cone,yes,1,0,other,keep,"duplicate candidate: trafficCone (CANDIDATE ONLY)",PENDING,,,,
52,tray,yes,2,0,food,keep,,NO_REVIEW_NEEDED,,,,
134,trim,yes,0,0,,keep,,NO_REVIEW_NEEDED,,,,
135,tyre,yes,436,436,other,"merge → vehicles/tyre","CATEGORY MOVE to vehicles; canonical object tagged in a category with no pivot",PENDING,,,,
101,umbrella,yes,0,0,,keep,,NO_REVIEW_NEEDED,,,,
123,vape,yes,27,0,smoking,keep,,NO_REVIEW_NEEDED,,,,
189,vapeOil,no,74,74,smoking,"merge → smoking/vape","legacy key not in TagsConfig",PENDING,,,,
190,vapePen,no,582,582,smoking,"merge → smoking/vape","legacy key not in TagsConfig",PENDING,,,,
21,walkability,yes,0,0,,keep,,NO_REVIEW_NEEDED,,,,
152,washingUp,no,102,102,other,"merge → other/other","legacy key not in TagsConfig; LOSSY: proposed merge into generic ""other""",PENDING,,,,
140,water_bottle,no,21889,21889,softdrinks,"merge → softdrinks/bottle","legacy key not in TagsConfig; BrandsConfig references this key — must update together",PENDING,,,,
179,wetwipes,no,6052,6052,sanitary,"merge → sanitary/wipes","legacy key not in TagsConfig",PENDING,,,,
136,wheel,yes,0,0,,keep,,NO_REVIEW_NEEDED,,,,
139,wine_bottle,no,863,863,alcohol,"merge → alcohol/bottle","legacy key not in TagsConfig",PENDING,,,,
12,wine_cork,yes,0,0,,keep,,NO_REVIEW_NEEDED,,,,
104,wipes,yes,80,0,sanitary,keep,,NO_REVIEW_NEEDED,,,,
61,wire,yes,1,0,industrial,keep,,NO_REVIEW_NEEDED,,,,
53,wrapper,yes,22565,0,food,keep,,NO_REVIEW_NEEDED,,,,
