{
    "welcome": "Welcome to your new Profile",
    "out-of": "Out of {total} users",
    "rank": "You are in {rank} place",
    "have-uploaded": "You have uploaded",
    "photos": "photos",
    "tags": "tags",
    "all-photos": "all photos",
    "all-tags": "all tags",
    "your-level": "Your Level",
    "reached-level": "You have reached level",
    "have-xp": "and you have",
    "need-xp": "You need",
    "to-reach-level": "to reach the next level.",
    "total-categories": "Total Categories",
    "calendar-load-data": "Load Data",
    "download-data": "Download My Data",
    "email-send-msg": "An email will be sent to the address you use to login.",
    "timeseries-verified-photos": "Verified Photos",
    "manage-my-photos": "View your photos, select multiple, delete them or add tags!",
    "view-my-photos": "View my Photos",
    "my-photos": "My Photos",
    "add-tags": "Add Tags",
    "bulk-tag-dblclick-info": "Double click to zoom photos!"
}
